<?xml version="1.0" encoding="utf-8" ?>
<Defs>

	<!--=============== Bases ==============-->
	<ThingDef Name="BaseFilthColorable" Abstract="True">
	    <thingClass>Filth</thingClass>
	    <category>Filth</category>
	    <altitudeLayer>Filth</altitudeLayer>
	    <useHitPoints>false</useHitPoints>
	    <drawerType>MapMeshOnly</drawerType>
	    <graphicData Class="CombatEffectsCE.MyGraphicData">
				<!-- <graphicClass>Graphic_Cluster</graphicClass> -->
				<graphicClass>CombatEffectsCE.MyGraphicCluster</graphicClass>
				<shaderType>Transparent</shaderType>
		</graphicData>
	    <statBases>
	      <Beauty>-15</Beauty>
	      <Cleanliness>-5</Cleanliness>
	    </statBases>
  	</ThingDef>


  	<!--=============== Effects ==============-->

  	<ThingDef ParentName="BaseFilthColorable">
	    <defName>Filth_Blood_Colorable</defName>
	    <label>blood</label>
	    <statBases>
	      <Beauty>-30</Beauty>
	      <Cleanliness>-10</Cleanliness>
	    </statBases>
	    <graphicData Class="CombatEffectsCE.MyGraphicData">
	      <texPath>Things/Filth/Spatter</texPath>
	      <color>(131, 34, 34, 180)</color>
	    </graphicData>
	    <filth>
	      <rainWashes>true</rainWashes>
	      <cleaningWorkToReduceThickness>70</cleaningWorkToReduceThickness>
	      <canFilthAttach>true</canFilthAttach>
	    </filth>
 	</ThingDef>


</Defs>